[{"shape":{"top":323,"left":77,"width":100,"type":"Ellipse","height":100}},{"shape":{"top":183,"left":269,"width":100,"type":"Ellipse","height":100}},{"shape":{"top":353,"left":418,"width":100,"type":"Ellipse","height":100}},{"shape":{"top":668,"left":261,"width":100,"type":"Ellipse","height":100}},{"shape":{"top":733,"left":83,"width":100,"type":"Rectangle","height":100}},{"shape":{"top":495,"left":194,"width":100,"type":"Rectangle","height":100}},{"shape":{"top":184,"left":114,"width":100,"type":"Rectangle","height":100}},{"shape":{"top":87,"left":445,"width":100,"type":"Rectangle","height":100}},{"shape":{"top":605,"left":473,"width":100,"type":"Rectangle","height":100}}]