[{"CompositeShape":{"children":[{"CompositeShape":{"children":[{"Ellipse":{"top":137.0,"left":104.0,"width":100.0,"type":"Ellipse","height":100.0}},{"Ellipse":{"top":448.0,"left":154.0,"width":100.0,"type":"Ellipse","height":100.0}},{"Ellipse":{"top":404.0,"left":354.0,"width":100.0,"type":"Ellipse","height":100.0}}],"count":3}},{"CompositeShape":{"children":[{"Rectangle":{"top":710.0,"left":81.0,"width":100.0,"type":"Rectangle","height":100.0}},{"Rectangle":{"top":723.0,"left":390.0,"width":100.0,"type":"Rectangle","height":100.0}},{"Rectangle":{"top":186.0,"left":404.0,"width":100.0,"type":"Rectangle","height":100.0}}],"count":3}}],"count":2}},{"CompositeShape":{"children":[{"CompositeShape":{"children":[{"Rectangle":{"top":264.0,"left":70.0,"width":100.0,"type":"Rectangle","height":100.0}},{"Rectangle":{"top":288.0,"left":201.0,"width":100.0,"type":"Rectangle","height":100.0}},{"Rectangle":{"top":619.0,"left":249.0,"width":100.0,"type":"Rectangle","height":100.0}}],"count":3}},{"CompositeShape":{"children":[{"Rectangle":{"top":895.0,"left":171.0,"width":100.0,"type":"Rectangle","height":100.0}},{"Ellipse":{"top":790.0,"left":252.0,"width":100.0,"type":"Ellipse","height":100.0}},{"Rectangle":{"top":912.0,"left":347.0,"width":100.0,"type":"Rectangle","height":100.0}}],"count":3}}],"count":2}}]